Study	Sample ID	Cancer Type	Protein Change	Annotation	Functional Impact	Mutation Type	Copy #	COSMIC	MS	VS	Center	Chromosome	Start Pos	End Pos	Ref	Var	Allele Freq (T)	Allele Freq (N)	Variant Reads	Ref Reads	Variant Reads (Normal)	Ref Reads (Normal)	# Mut in Sample	Exon	HGVSc	gnomAD	ClinVar ID	dbSNP
Head and Neck Squamous Cell Carcinoma (TCGA, Provisional)	TCGA-CV-A45O-01	Head and Neck Squamous Cell Carcinoma	A2926V	OncoKB: NA;CIViC: NA;TrialMatch: NA;MyCancerGenome: not present;CancerHotspot: no;3DHotspot: no	MutationAssessor: impact: neutral, score: 0.545;SIFT: impact: undefined, score: undefined;Polyphen-2: impact: benign, score: 0.006	Missense_Mutation	diploid	2	Somatic	NA	broad.mit.edu	5	150921911	150921911	G	A	0.11		13	105			143	9/23	ENST00000261800.5:c.8777C>T	0.0000119746		rs377736336
Head and Neck Squamous Cell Carcinoma (TCGA, Provisional)	TCGA-DQ-7591-01	Head and Neck Squamous Cell Carcinoma	K2690R	OncoKB: NA;CIViC: NA;TrialMatch: NA;MyCancerGenome: not present;CancerHotspot: no;3DHotspot: no	MutationAssessor: impact: low, score: 0.985;SIFT: impact: undefined, score: undefined;Polyphen-2: impact: benign, score: 0.012	Missense_Mutation	diploid		Somatic	NA	broad.mit.edu	5	150922619	150922619	T	C	0.39		26	40			36	9/23	ENST00000261800.5:c.8069A>G			
Head and Neck Squamous Cell Carcinoma (TCGA, Provisional)	TCGA-CV-A468-01	Head and Neck Squamous Cell Carcinoma	R3188C	OncoKB: NA;CIViC: NA;TrialMatch: NA;MyCancerGenome: not present;CancerHotspot: no;3DHotspot: no	MutationAssessor: impact: medium, score: 2.9;SIFT: impact: undefined, score: undefined;Polyphen-2: impact: benign, score: 0.013	Missense_Mutation	diploid		Somatic	NA	broad.mit.edu	5	150911397	150911397	G	A	0.07		11	142			435	13/23	ENST00000261800.5:c.9562C>T			
Head and Neck Squamous Cell Carcinoma (TCGA, Provisional)	TCGA-CQ-5326-01	Head and Neck Squamous Cell Carcinoma	L414F	OncoKB: NA;CIViC: NA;TrialMatch: NA;MyCancerGenome: not present;CancerHotspot: no;3DHotspot: no	MutationAssessor: impact: medium, score: 3.44;SIFT: impact: undefined, score: undefined;Polyphen-2: impact: possibly_damaging, score: 0.594	Missense_Mutation	diploid		Somatic	NA	broad.mit.edu	5	150947251	150947251	C	G	0.16		20	106			186	1/23	ENST00000261800.5:c.1242G>C			
Head and Neck Squamous Cell Carcinoma (TCGA, Provisional)	TCGA-F7-A624-01	Head and Neck Squamous Cell Carcinoma	T2289A	OncoKB: NA;CIViC: NA;TrialMatch: NA;MyCancerGenome: not present;CancerHotspot: no;3DHotspot: no	MutationAssessor: impact: low, score: 1.825;SIFT: impact: undefined, score: undefined;Polyphen-2: impact: probably_damaging, score: 0.967	Missense_Mutation	diploid		Somatic	NA	broad.mit.edu	5	150923823	150923823	T	C	0.07		10	128			3181	9/23	ENST00000261800.5:c.6865A>G			
Head and Neck Squamous Cell Carcinoma (TCGA, Provisional)	TCGA-RS-A6TO-01	Head and Neck Squamous Cell Carcinoma	H4014Gfs*15	OncoKB: NA;CIViC: NA;TrialMatch: NA;MyCancerGenome: not present;CancerHotspot: no;3DHotspot: no	MutationAssessor: Error;SIFT: impact: undefined, score: undefined;Polyphen-2: impact: undefined, score: undefined	Frame_Shift_Del	shallowdel		Somatic	NA	broad.mit.edu	5	150889584	150889602	GTCTCCTGTGTAAGGATGA	-	0.27		48	128			163	21/23	ENST00000261800.5:c.12039_12057delTCATCCTTACACAGGAGAC			
Head and Neck Squamous Cell Carcinoma (TCGA, Provisional)	TCGA-CN-A63T-01	Head and Neck Squamous Cell Carcinoma	E545Gfs*15	OncoKB: NA;CIViC: NA;TrialMatch: NA;MyCancerGenome: not present;CancerHotspot: no;3DHotspot: no	MutationAssessor: Error;SIFT: impact: undefined, score: undefined;Polyphen-2: impact: undefined, score: undefined	Frame_Shift_Ins	shallowdel		Somatic	NA	broad.mit.edu	5	150946859	150946860	-	C	0.27		23	61			230	1/23	ENST00000261800.5:c.1633dupG			
Head and Neck Squamous Cell Carcinoma (TCGA, Provisional)	TCGA-D6-A74Q-01	Head and Neck Squamous Cell Carcinoma	P377S	OncoKB: NA;CIViC: NA;TrialMatch: NA;MyCancerGenome: not present;CancerHotspot: no;3DHotspot: no	MutationAssessor: impact: medium, score: 2.28;SIFT: impact: undefined, score: undefined;Polyphen-2: impact: possibly_damaging, score: 0.682	Missense_Mutation	shallowdel		Somatic	NA	broad.mit.edu	5	150947364	150947364	G	A	0.45		29	36			378	1/23	ENST00000261800.5:c.1129C>T	0.0000119329		rs374282108
Head and Neck Squamous Cell Carcinoma (TCGA, Provisional)	TCGA-CV-7238-01	Head and Neck Squamous Cell Carcinoma	R2117*	OncoKB: NA;CIViC: NA;TrialMatch: NA;MyCancerGenome: not present;CancerHotspot: no;3DHotspot: no	MutationAssessor: Error;SIFT: impact: undefined, score: undefined;Polyphen-2: impact: undefined, score: undefined	Nonsense_Mutation	diploid	2	Somatic	NA	broad.mit.edu	5	150924339	150924339	G	A	0.08		10	114			60	9/23	ENST00000261800.5:c.6349C>T	0.00000795944		rs753274186
Head and Neck Squamous Cell Carcinoma (TCGA, Provisional)	TCGA-CV-7411-01	Head and Neck Squamous Cell Carcinoma	D2613E	OncoKB: NA;CIViC: NA;TrialMatch: NA;MyCancerGenome: not present;CancerHotspot: no;3DHotspot: no	MutationAssessor: impact: high, score: 4.365;SIFT: impact: undefined, score: undefined;Polyphen-2: impact: probably_damaging, score: 1	Missense_Mutation	diploid		Somatic	NA	broad.mit.edu	5	150922849	150922849	A	C	0.20		39	154			106	9/23	ENST00000261800.5:c.7839T>G			
Head and Neck Squamous Cell Carcinoma (TCGA, Provisional)	TCGA-CV-5441-01	Head and Neck Squamous Cell Carcinoma	P3009R	OncoKB: NA;CIViC: NA;TrialMatch: NA;MyCancerGenome: not present;CancerHotspot: no;3DHotspot: no	MutationAssessor: impact: high, score: 4.83;SIFT: impact: undefined, score: undefined;Polyphen-2: impact: probably_damaging, score: 1	Missense_Mutation	diploid		Somatic	NA	broad.mit.edu	5	150920141	150920141	G	C	0.42		11	15			353	10/23	ENST00000261800.5:c.9026C>G			
Head and Neck Squamous Cell Carcinoma (TCGA, Provisional)	TCGA-H7-A6C4-01	Head and Neck Squamous Cell Carcinoma	L3913Pfs*12	OncoKB: NA;CIViC: NA;TrialMatch: NA;MyCancerGenome: not present;CancerHotspot: no;3DHotspot: no	MutationAssessor: Error;SIFT: impact: undefined, score: undefined;Polyphen-2: impact: undefined, score: undefined	Frame_Shift_Ins	diploid		Somatic	NA	broad.mit.edu	5	150891893	150891894	-	GG	0.23		32	110			49	20/23	ENST00000261800.5:c.11736_11737dupCC			
Head and Neck Squamous Cell Carcinoma (TCGA, Provisional)	TCGA-D6-A4ZB-01	Head and Neck Squamous Cell Carcinoma	N556K	OncoKB: NA;CIViC: NA;TrialMatch: NA;MyCancerGenome: not present;CancerHotspot: no;3DHotspot: no	MutationAssessor: impact: medium, score: 2.305;SIFT: impact: undefined, score: undefined;Polyphen-2: impact: probably_damaging, score: 0.999	Missense_Mutation	diploid		Somatic	NA	broad.mit.edu	5	150946825	150946825	G	C	0.10		8	72			176	1/23	ENST00000261800.5:c.1668C>G			
Head and Neck Squamous Cell Carcinoma (TCGA, Provisional)	TCGA-CN-4731-01	Head and Neck Squamous Cell Carcinoma	N2102Kfs*35	OncoKB: NA;CIViC: NA;TrialMatch: NA;MyCancerGenome: not present;CancerHotspot: no;3DHotspot: no	MutationAssessor: Error;SIFT: impact: undefined, score: undefined;Polyphen-2: impact: undefined, score: undefined	Frame_Shift_Del	shallowdel		Somatic	NA	broad.mit.edu	5	150924382	150924382	A	-	0.49		86	90			118	9/23	ENST00000261800.5:c.6306delT			
Head and Neck Squamous Cell Carcinoma (TCGA, Provisional)	TCGA-P3-A6T3-01	Head and Neck Squamous Cell Carcinoma	W67S	OncoKB: NA;CIViC: NA;TrialMatch: NA;MyCancerGenome: not present;CancerHotspot: no;3DHotspot: no	MutationAssessor: impact: low, score: 0.84;SIFT: impact: undefined, score: undefined;Polyphen-2: impact: possibly_damaging, score: 0.839	Missense_Mutation	shallowdel		Somatic	NA	broad.mit.edu	5	150948293	150948293	C	G	0.04		9	242			108	1/23	ENST00000261800.5:c.200G>C			
Head and Neck Squamous Cell Carcinoma (TCGA, Provisional)	TCGA-CQ-5327-01	Head and Neck Squamous Cell Carcinoma	P667T	OncoKB: NA;CIViC: NA;TrialMatch: NA;MyCancerGenome: not present;CancerHotspot: no;3DHotspot: no	MutationAssessor: impact: medium, score: 2.3;SIFT: impact: undefined, score: undefined;Polyphen-2: impact: benign, score: 0.016	Missense_Mutation	gain		Somatic	NA	broad.mit.edu	5	150946494	150946494	G	T	0.18		22	99			213	1/23	ENST00000261800.5:c.1999C>A			
Head and Neck Squamous Cell Carcinoma (TCGA, Provisional)	TCGA-CR-7383-01	Head and Neck Squamous Cell Carcinoma	L2863P	OncoKB: NA;CIViC: NA;TrialMatch: NA;MyCancerGenome: not present;CancerHotspot: no;3DHotspot: no	MutationAssessor: impact: medium, score: 3.385;SIFT: impact: undefined, score: undefined;Polyphen-2: impact: probably_damaging, score: 0.995	Missense_Mutation	gain		Somatic	NA	broad.mit.edu	5	150922100	150922100	A	G	0.15		28	159			135	9/23	ENST00000261800.5:c.8588T>C	0.00000397874		rs753051338
Head and Neck Squamous Cell Carcinoma (TCGA, Provisional)	TCGA-BA-5149-01	Head and Neck Squamous Cell Carcinoma	F1838L	OncoKB: NA;CIViC: NA;TrialMatch: NA;MyCancerGenome: not present;CancerHotspot: no;3DHotspot: no	MutationAssessor: impact: low, score: 1.565;SIFT: impact: undefined, score: undefined;Polyphen-2: impact: benign, score: 0.4	Missense_Mutation	diploid		Somatic	NA	broad.mit.edu	5	150925174	150925174	G	T	0.17		27	135			121	9/23	ENST00000261800.5:c.5514C>A	0.00000796825		rs1376431808
Head and Neck Squamous Cell Carcinoma (TCGA, Provisional)	TCGA-BA-A4IF-01	Head and Neck Squamous Cell Carcinoma	Q3697*	OncoKB: NA;CIViC: NA;TrialMatch: NA;MyCancerGenome: not present;CancerHotspot: no;3DHotspot: no	MutationAssessor: Error;SIFT: impact: undefined, score: undefined;Polyphen-2: impact: undefined, score: undefined	Nonsense_Mutation	gain		Somatic	NA	broad.mit.edu	5	150901065	150901065	G	A	0.54		59	51			101	18/23	ENST00000261800.5:c.11089C>T			
Head and Neck Squamous Cell Carcinoma (TCGA, Provisional)	TCGA-CV-7104-01	Head and Neck Squamous Cell Carcinoma	R1528Q	OncoKB: NA;CIViC: NA;TrialMatch: NA;MyCancerGenome: not present;CancerHotspot: no;3DHotspot: no	MutationAssessor: impact: low, score: 1.13;SIFT: impact: undefined, score: undefined;Polyphen-2: impact: probably_damaging, score: 1	Missense_Mutation	diploid		Somatic	NA	broad.mit.edu	5	150929062	150929062	C	T	0.68		26	12			101	8/23	ENST00000261800.5:c.4583G>A	0.0000119468		rs756688058
Head and Neck Squamous Cell Carcinoma (TCGA, Provisional)	TCGA-CR-6481-01	Head and Neck Squamous Cell Carcinoma	L3809F	OncoKB: NA;CIViC: NA;TrialMatch: NA;MyCancerGenome: not present;CancerHotspot: no;3DHotspot: no	MutationAssessor: impact: medium, score: 2.77;SIFT: impact: undefined, score: undefined;Polyphen-2: impact: possibly_damaging, score: 0.701	Missense_Mutation	diploid	1	Somatic	NA	broad.mit.edu	5	150897219	150897219	G	A	0.13		10	65			434	19/23	ENST00000261800.5:c.11425C>T			
Head and Neck Squamous Cell Carcinoma (TCGA, Provisional)	TCGA-CN-5356-01	Head and Neck Squamous Cell Carcinoma	E1827*	OncoKB: NA;CIViC: NA;TrialMatch: NA;MyCancerGenome: not present;CancerHotspot: no;3DHotspot: no	MutationAssessor: Error;SIFT: impact: undefined, score: undefined;Polyphen-2: impact: undefined, score: undefined	Nonsense_Mutation	gain		Somatic	NA	broad.mit.edu	5	150925209	150925209	C	A	0.37		39	66			341	9/23	ENST00000261800.5:c.5479G>T			
Head and Neck Squamous Cell Carcinoma (TCGA, Provisional)	TCGA-CN-5356-01	Head and Neck Squamous Cell Carcinoma	D1272G	OncoKB: NA;CIViC: NA;TrialMatch: NA;MyCancerGenome: not present;CancerHotspot: no;3DHotspot: no	MutationAssessor: impact: high, score: 4.355;SIFT: impact: undefined, score: undefined;Polyphen-2: impact: probably_damaging, score: 0.954	Missense_Mutation	gain		Somatic	NA	broad.mit.edu	5	150934053	150934053	T	C	0.17		39	187			341	4/23	ENST00000261800.5:c.3815A>G			
Head and Neck Squamous Cell Carcinoma (TCGA, Provisional)	TCGA-CV-5435-01	Head and Neck Squamous Cell Carcinoma	D2098G	OncoKB: NA;CIViC: NA;TrialMatch: NA;MyCancerGenome: not present;CancerHotspot: no;3DHotspot: no	MutationAssessor: impact: high, score: 4.25;SIFT: impact: undefined, score: undefined;Polyphen-2: impact: probably_damaging, score: 1	Missense_Mutation	shallowdel		Somatic	NA	broad.mit.edu	5	150924395	150924395	T	C	0.73		49	18			114	9/23	ENST00000261800.5:c.6293A>G			
Head and Neck Squamous Cell Carcinoma (TCGA, Provisional)	TCGA-BB-A5HY-01	Head and Neck Squamous Cell Carcinoma	P1884H	OncoKB: NA;CIViC: NA;TrialMatch: NA;MyCancerGenome: not present;CancerHotspot: no;3DHotspot: no	MutationAssessor: impact: medium, score: 1.94;SIFT: impact: undefined, score: undefined;Polyphen-2: impact: benign, score: 0.327	Missense_Mutation	amp	1	Somatic	NA	broad.mit.edu	5	150925037	150925037	G	T	0.32		64	135			198	9/23	ENST00000261800.5:c.5651C>A			
Head and Neck Squamous Cell Carcinoma (TCGA, Provisional)	TCGA-CV-6954-01	Head and Neck Squamous Cell Carcinoma	P4325S	OncoKB: NA;CIViC: NA;TrialMatch: NA;MyCancerGenome: not present;CancerHotspot: no;3DHotspot: no	MutationAssessor: impact: neutral, score: 0.665;SIFT: impact: undefined, score: undefined;Polyphen-2: impact: benign, score: 0.098	Missense_Mutation	shallowdel		Somatic	NA	broad.mit.edu	5	150885203	150885203	G	A	0.47		16	18			153	23/23	ENST00000261800.5:c.12973C>T			
Head and Neck Squamous Cell Carcinoma (TCGA, Provisional)	TCGA-CN-A63W-01	Head and Neck Squamous Cell Carcinoma	P1625Hfs*4	OncoKB: NA;CIViC: NA;TrialMatch: NA;MyCancerGenome: not present;CancerHotspot: no;3DHotspot: no	MutationAssessor: Error;SIFT: impact: undefined, score: undefined;Polyphen-2: impact: undefined, score: undefined	Frame_Shift_Del	shallowdel		Somatic	NA	broad.mit.edu	5	150925814	150925814	G	-	0.58		18	13			358	9/23	ENST00000261800.5:c.4874delC			
Head and Neck Squamous Cell Carcinoma (TCGA, Provisional)	TCGA-CN-5369-01	Head and Neck Squamous Cell Carcinoma	K2069Qfs*3	OncoKB: NA;CIViC: NA;TrialMatch: NA;MyCancerGenome: not present;CancerHotspot: no;3DHotspot: no	MutationAssessor: Error;SIFT: impact: undefined, score: undefined;Polyphen-2: impact: undefined, score: undefined	Frame_Shift_Ins	gain		Somatic	NA	broad.mit.edu	5	150924483	150924484	-	G	0.08		11	126			455	9/23	ENST00000261800.5:c.6204dupC			
Head and Neck Squamous Cell Carcinoma (TCGA, Provisional)	TCGA-CN-5366-01	Head and Neck Squamous Cell Carcinoma	D644N	OncoKB: NA;CIViC: NA;TrialMatch: NA;MyCancerGenome: not present;CancerHotspot: no;3DHotspot: no	MutationAssessor: impact: medium, score: 2.81;SIFT: impact: undefined, score: undefined;Polyphen-2: impact: probably_damaging, score: 1	Missense_Mutation	shallowdel	1	Somatic	NA	broad.mit.edu	5	150946563	150946563	C	T	0.24		36	115			104	1/23	ENST00000261800.5:c.1930G>A			
Head and Neck Squamous Cell Carcinoma (TCGA, Provisional)	TCGA-CV-A6JU-01	Head and Neck Squamous Cell Carcinoma	E324Vfs*48	OncoKB: NA;CIViC: NA;TrialMatch: NA;MyCancerGenome: not present;CancerHotspot: no;3DHotspot: no	MutationAssessor: Error;SIFT: impact: undefined, score: undefined;Polyphen-2: impact: undefined, score: undefined	Frame_Shift_Del	shallowdel		Somatic	NA	broad.mit.edu	5	150947521	150947522	CT	-	0.19		30	124			126	1/23	ENST00000261800.5:c.971_972delAG			
Head and Neck Squamous Cell Carcinoma (TCGA, Provisional)	TCGA-CN-A63U-01	Head and Neck Squamous Cell Carcinoma	V3217L	OncoKB: NA;CIViC: NA;TrialMatch: NA;MyCancerGenome: not present;CancerHotspot: no;3DHotspot: no	MutationAssessor: impact: low, score: 1.555;SIFT: impact: undefined, score: undefined;Polyphen-2: impact: benign, score: 0.023	Missense_Mutation	diploid		Somatic	NA	broad.mit.edu	5	150911310	150911310	C	A	0.68		53	25			497	13/23	ENST00000261800.5:c.9649G>T	0		rs537648951
Head and Neck Squamous Cell Carcinoma (TCGA, Provisional)	TCGA-CN-5355-01	Head and Neck Squamous Cell Carcinoma	R4301C	OncoKB: NA;CIViC: NA;TrialMatch: NA;MyCancerGenome: not present;CancerHotspot: no;3DHotspot: no	MutationAssessor: impact: medium, score: 1.975;SIFT: impact: undefined, score: undefined;Polyphen-2: impact: probably_damaging, score: 1	Missense_Mutation	deepdel	1	Somatic	NA	broad.mit.edu	5	150885275	150885275	G	A	0.05		4	73			117	23/23	ENST00000261800.5:c.12901C>T			rs1445622376
Head and Neck Squamous Cell Carcinoma (TCGA, Provisional)	TCGA-CN-A49B-01	Head and Neck Squamous Cell Carcinoma	N3005I	OncoKB: NA;CIViC: NA;TrialMatch: NA;MyCancerGenome: not present;CancerHotspot: no;3DHotspot: no	MutationAssessor: impact: high, score: 4.24;SIFT: impact: undefined, score: undefined;Polyphen-2: impact: probably_damaging, score: 0.999	Missense_Mutation	gain		Somatic	NA	broad.mit.edu	5	150920153	150920153	T	A	0.29		7	17			91	10/23	ENST00000261800.5:c.9014A>T			
Head and Neck Squamous Cell Carcinoma (TCGA, Provisional)	TCGA-CV-6955-01	Head and Neck Squamous Cell Carcinoma	R2179Kfs*4	OncoKB: NA;CIViC: NA;TrialMatch: NA;MyCancerGenome: not present;CancerHotspot: no;3DHotspot: no	MutationAssessor: Error;SIFT: impact: undefined, score: undefined;Polyphen-2: impact: undefined, score: undefined	Frame_Shift_Ins	diploid		Somatic	NA	broad.mit.edu	5	150924152	150924153	-	T	0.10		18	155			120	9/23	ENST00000261800.5:c.6535dupA			
